{"gear_simple":[],"gear_sorting":[],"gate_zundamon":[{"size":[54.32804,60.472183],"position":[-74.000015,317.3333],"remain":100,"prob":0.1}],"pad_velocity":[{"size":[171.59119,37.71244],"position":[-86.0,78.00002],"velocity":[114.52804,277.27844]}]}