{"gear_simple":[],"gear_sorting":[],"gate_zundamon":[],"pad_velocity":[],"shredder":[{"scale":0.23581722,"polyline":[[-78.000015,289.33337],[72.666664,242.66673],[80.66666,230.6667],[45.999985,138.6667],[-87.99997,27.333302],[-49.333305,-49.333363],[115.33333,-172.66667],[134.66663,-227.33336],[14.000015,-305.33334],[-69.33328,-332.66672]],"target_point":0,"speed":100.0}]}